<?xml version="1.0" encoding="UTF-8"?>
<project-private xmlns="http://www.netbeans.org/ns/project-private/1">
    <editor-bookmarks xmlns="http://www.netbeans.org/ns/editor-bookmarks/2" lastBookmarkId="0"/>
    <open-files xmlns="http://www.netbeans.org/ns/projectui-open-files/2">
        <group>
            <file>file:/E:/Projectos/%23GitHub/Algoritmos-em-Java/%23Trabalhos%20da%20Faculdade/Estudo%20Pessoal/Manipulacao%20de%20Arquivos%20.txt/Pauta%20de%20Frequencia/src/PautaFrequencia.java</file>
            <file>file:/E:/Projectos/%23GitHub/Algoritmos-em-Java/%23Trabalhos%20da%20Faculdade/Estudo%20Pessoal/Manipulacao%20de%20Arquivos%20.txt/Pauta%20de%20Frequencia/Pauta%20de%20Frequencia%20de%20AM.txt</file>
            <file>file:/E:/Projectos/%23GitHub/Algoritmos-em-Java/%23Trabalhos%20da%20Faculdade/Estudo%20Pessoal/Manipulacao%20de%20Arquivos%20.txt/Pauta%20de%20Frequencia/PautaFinalAM.txt</file>
        </group>
    </open-files>
</project-private>
